Step,Action,Reasoning,Observation,Reward,Done
0,go forward,,"a wall 1 step forward
a wall 2 steps left",0,False
1,turn right,,"a wall 5 steps forward
a wall 1 step left
a purple key 2 steps right",0,False
2,turn right,,"a wall 2 steps right
a purple key 2 steps forward",0,False
3,toggle,,"a wall 2 steps right
a purple key 2 steps forward",0,False
4,go forward,,"a wall 2 steps right
a purple key 1 step forward",0,False
5,pick up,,"You carry a purple key
a wall 5 steps forward
a wall 2 steps right",0.915625,True
